<?xml version="1.0" ?><PAPER><mode2 hasDoc="yes" name="S0257897213007573.tmf1" version="elsevier"/>
<TITLE>Preparation and characterization of a dual-layer carbon film on 6H-SiC wafer using carbide-derived carbon process with subsequent chemical vapor deposition
</TITLE>
<ABSTRACT>

Abstract
<s sid="1"><CoreSc1 advantage="None" conceptID="Obj1" novelty="None" type="Obj"/><text>It is reported that a dual-layer carbon film on SiC wafer is prepared using carbide-derived carbon (CDC) process with subsequent chemical vapor deposition (CVD).</text></s>
<s sid="2"><CoreSc1 advantage="None" conceptID="Obj2" novelty="None" type="Obj"/><text>The dual-layer film includes a sub-layer of CDC and a top layer of CVD, which are prepared by chlorination of SiC and pyrolysis of CCl4 at high temperature respectively.</text></s>
<s sid="3"><CoreSc1 advantage="None" conceptID="Obs1" novelty="None" type="Obs"/><text>The CDC and CVD layers are mainly amorphous.</text></s>
<s sid="4"><CoreSc1 advantage="None" conceptID="Obs2" novelty="None" type="Obs"/><text>And similar dispersion effects are observed in the Raman spectra, although the D-band position of the CVD layer shifts to higher wavenumber (~1354cm-1) than that of the CDC layer (~1337cm-1).</text></s>
<s sid="5"><CoreSc1 advantage="None" conceptID="Con1" novelty="None" type="Con"/><text>Surface chemistry analysis suggests that the unstable chemical bonds, mainly C-Cl, as well as dangling bonds in the CDC layer play an important role in promoting the nucleation of CVD carbon.</text></s>
<s sid="6"><CoreSc1 advantage="None" conceptID="Obj3" novelty="None" type="Obj"/><text>The surface morphology evolvement from SiC wafer to CDC layer and to dual-layer film is investigated by atomic force microscopy [AFM] and field emission scanning electronic microscopy [FESEM].</text></s>
<s sid="7"><CoreSc1 advantage="None" conceptID="Con2" novelty="None" type="Con"/><text>The nanoporous surface formed in the CDC process is favorable for capturing carbon species from the gas phase and can act as a &quot;seedbed&quot; for the nucleation and growth of CVD layer.</text></s>
<s sid="8"><CoreSc1 advantage="None" conceptID="Con3" novelty="None" type="Con"/><text>The primary tribological study indicates that the dual-layer film shows great advantages in friction reduction and wear resistance with comparison to SiC and CDC layer, suggesting its potential in lubrication for SiC-based moving components.</text></s>
Graphical abstract
Highlights
•
<s sid="9"><CoreSc1 advantage="None" conceptID="Obj4" novelty="None" type="Obj"/><text>The dual-layer carbon film is prepared using CDC process with subsequent CVD method.</text></s>
•
<s sid="10"><CoreSc1 advantage="None" conceptID="Obj5" novelty="None" type="Obj"/><text>The surface of the CDC layer is highly porous in structure and chemically active.</text></s>
•
<s sid="11"><CoreSc1 advantage="None" conceptID="Obj6" novelty="None" type="Obj"/><text>The CDC layer acts as a seedbed layer for the nucleation and growth of the CVD layer.</text></s>
•
<s sid="12"><CoreSc1 advantage="None" conceptID="Obj7" novelty="None" type="Obj"/><text>The dual-layer film is tested as an effective lubricating coating for SiC components.</text></s>
</ABSTRACT>
<BODY>

Introduction
<s sid="13"><CoreSc1 advantage="None" conceptID="Mot1" novelty="None" type="Mot"/><text>Because of their unique properties, such as high hardness, good corrosion resistance, and excellent chemical stability, SiC materials are widely used for tribological applications in extreme conditions [1].</text></s>
<s sid="14"><CoreSc1 advantage="None" conceptID="Mot2" novelty="None" type="Mot"/><text>However, the friction and wear coefficients of SiC materials are unacceptably high in unlubricated conditions [2].</text></s>
<s sid="15"><CoreSc1 advantage="None" conceptID="Res1" novelty="None" type="Res"/><text>To improve the tribological properties, carbon coatings such as diamond and diamond like carbon (DLC), are usually coated on such materials using chemical vapor deposition (CVD) process [3-5].</text></s>
<s sid="16"><CoreSc1 advantage="None" conceptID="Obs3" novelty="None" type="Obs"/><text>Although the CVD process is well established, the search for new methods for depositing carbon films continues.</text></s>
<s sid="17"><CoreSc1 advantage="None" conceptID="Mod1" novelty="None" type="Mod"/><text>A promising method for coating carbon films on SiC termed the &quot;carbide-derived carbon&quot; or CDC process is greatly attractive in recent years [6].</text></s>
<s sid="18"><CoreSc1 advantage="None" conceptID="Mod2" novelty="None" type="Mod"/><text>In this method, SiC is treated in a chlorine-containing gas mixture at high temperature, and the Si atoms preferentially react with Cl2 and leave the system in the form of SiCl4 [7].</text></s>
<s sid="19"><CoreSc1 advantage="None" conceptID="Bac1" novelty="None" type="Bac"/><text>The left carbon atoms rearrange themselves and form a smooth carbon film that is intimately bonded to the underlying SiC substrate.</text></s>
<s sid="20"><CoreSc1 advantage="None" conceptID="Bac2" novelty="None" type="Bac"/><text>Compared with CVD process, the CDC process can easily produce a thick carbon layer (above 100um) at a high rate [6,7].</text></s>
<s sid="21"><CoreSc1 advantage="None" conceptID="Mot3" novelty="None" type="Mot"/><text>The CDC with unique nanostructure possesses many attractive physical, mechanical, and tribological properties.</text></s>
<s sid="22"><CoreSc1 advantage="None" conceptID="Mot4" novelty="None" type="Mot"/><text>In particular, it is reported in recent studies that the CDC coating can afford very low friction and wear to improve the tribological performance of the carbides.</text></s>
<s sid="23"><CoreSc1 advantage="None" conceptID="Mot5" novelty="None" type="Mot"/><text>Specifically, this coating can provide a friction coefficient of 0.03-0.3 and wear rate of 10-9-10-7mm3/N·m depending on the chlorination process and friction test conditions [8-10].</text></s>
<s sid="24"><CoreSc1 advantage="None" conceptID="Res2" novelty="None" type="Res"/><text>Surprisingly, the CDC coating with high porosity (i.e.&gt;57.2% for β-SiC [11]) shows excellent tribological properties under dry friction condition.</text></s>
<s sid="25"><CoreSc1 advantage="None" conceptID="Res3" novelty="None" type="Res"/><text>However, unpublished studies in our group confirm that the CDC coating is helpless in lubricating for SiC materials under some conditions, including high temperature (i.e. at 300°C), water or oil lubrication and high load.</text></s>
<s sid="26"><CoreSc1 advantage="None" conceptID="Res4" novelty="None" type="Res"/><text>The lubrication failure is attributed to the high porosity and the low strength of CDC coating.</text></s>
<s sid="27"><CoreSc1 advantage="None" conceptID="Res5" novelty="None" type="Res"/><text>Further surface modification to improve the density and strength of CDC coating is urgent for extensive tribology application.</text></s>
<s sid="28"><CoreSc1 advantage="None" conceptID="Bac3" novelty="None" type="Bac"/><text>Although there is little pertinent research on such work to date, some information can still be obtained in some literature.</text></s>
<s sid="29"><CoreSc1 advantage="None" conceptID="Bac4" novelty="None" type="Bac"/><text>Grannen and Chang [12] deposited diamond films from fluorocarbon gases in microwave plasma on SiC and WC substrates without any pretreatments.</text></s>
<s sid="30"><CoreSc1 advantage="None" conceptID="Bac5" novelty="None" type="Bac"/><text>The proposed growth mechanism suggests that the surface carbon layer formed by the etching of carbide substrates with fluorine atomic favors the nucleation of diamond.</text></s>
<s sid="31"><CoreSc1 advantage="None" conceptID="Obj8" novelty="None" type="Obj"/><text>It is reported that ultrananocrystalline diamond (UNCD) could also be deposited on the CDC films using microwave plasma CVD reactor and the tetrahedrally bonded carbon in the CDC films is suggested as a good seed for UNCD deposition [13].</text></s>
<s sid="32"><CoreSc1 advantage="None" conceptID="Obj9" novelty="None" type="Obj"/><text>Accordingly, we attempt to prepare a novel dual-layer carbon coating on 6H-SiC wafers using CDC technique with subsequent CVD process in the present work.</text></s>
<s sid="33"><CoreSc1 advantage="None" conceptID="Exp1" novelty="None" type="Exp"/><text>According to our considerations, the CDC layer which is formed by chlorination of SiC acts as a seed and intermediate layer for subsequent deposition.</text></s>
<s sid="34"><CoreSc1 advantage="None" conceptID="Exp2" novelty="None" type="Exp"/><text>The CVD process is operated in a same reactor using CCl4 as carbon source.</text></s>
<s sid="35"><CoreSc1 advantage="None" conceptID="Exp3" novelty="None" type="Exp"/><text>We used Raman spectroscopy, X-ray photoelectron spectroscopy (XPS), atomic force microscopy (AFM) and field emission scanning electron microscopy (SEM) to determine the microstructure and chemistry of CDC and CVD films.</text></s>
<s sid="36"><CoreSc1 advantage="None" conceptID="Obj10" novelty="None" type="Obj"/><text>And friction and wear properties of the CDC and dual-layer film are discussed.</text></s>
<s sid="37"><CoreSc1 advantage="None" conceptID="Hyp1" novelty="None" type="Hyp"/><text>It is expected that this dual-layer film can provide better lubrication for SiC materials in many applications.</text></s>
Experimental section
Film preparation
<s sid="38"><CoreSc1 advantage="None" conceptID="Exp4" novelty="None" type="Exp"/><text>The dual-layer film was synthesized by pre-chlorination of single crystalline 6H-SiC wafer with subsequent chemical vapor deposition (CVD) using CCl4 as precursor.</text></s>
<s sid="39"><CoreSc1 advantage="None" conceptID="Exp5" novelty="None" type="Exp"/><text>The n-type 6H-SiC wafer (10×10mm2) with polished Si-face was purchased from TianKe Blue Semiconducter Co.</text></s>
<s sid="40"><CoreSc1 advantage="None" conceptID="Exp6" novelty="None" type="Exp"/><text>Ltd (Beijing, China), with nominal cut-off angle of about 0-5°.</text></s>
<s sid="41"><CoreSc1 advantage="None" conceptID="Exp7" novelty="None" type="Exp"/><text>The as-received SiC wafers were etched in dilute HF acid (40% solution) for 5min to remove a SiO2 layer, and ultrasonically cleaned in acetone bath for treatment.</text></s>
<s sid="42"><CoreSc1 advantage="None" conceptID="Exp8" novelty="None" type="Exp"/><text>The schematic process to synthesize the dual-layer film was demonstrated in Fig. 1.</text></s>
<s sid="43"><CoreSc1 advantage="None" conceptID="Exp9" novelty="None" type="Exp"/><text>Both the CDC process and CVD deposition were carried out in a tube furnace in turn.</text></s>
<s sid="44"><CoreSc1 advantage="None" conceptID="Exp10" novelty="None" type="Exp"/><text>The CDC process was described in detail elsewhere [7].</text></s>
<s sid="45"><CoreSc1 advantage="None" conceptID="Exp11" novelty="None" type="Exp"/><text>In our experiments, the CDC layer was fabricated by chlorination of SiC in a gas mixture (Cl2 at a flow speed of 2mlmin-1+Ar at a flow speed of 98mlmin-1) at 1000°C for 10min.</text></s>
<s sid="46"><CoreSc1 advantage="None" conceptID="Exp12" novelty="None" type="Exp"/><text>The Si was preferred to react with Cl2 and removed away in the form of volatile SiCl4.</text></s>
<s sid="47"><CoreSc1 advantage="None" conceptID="Obs4" novelty="None" type="Obs"/><text>The surface of SiC was converted into CDC and the shape of the sample stayed unchanged, as demonstrated in Fig. 1.</text></s>
<s sid="48"><CoreSc1 advantage="None" conceptID="Exp13" novelty="None" type="Exp"/><text>Once the CDC process was finished, the Cl2 flow was stopped immediately.</text></s>
<s sid="49"><CoreSc1 advantage="None" conceptID="Exp14" novelty="None" type="Exp"/><text>Subsequently, the CCl4 was evaporated at 60°C [14] and introduced into reaction region with 50mlmin-1 Ar flow.</text></s>
<s sid="50"><CoreSc1 advantage="None" conceptID="Exp15" novelty="None" type="Exp"/><text>The carbon derived from pyrolyzing of CCl4 at 1000°C nucleated and grew on top of CDC layer to form the CVD layer.</text></s>
<s sid="51"><CoreSc1 advantage="None" conceptID="Res6" novelty="None" type="Res"/><text>The duration for CVD deposition was 2h.</text></s>
<s sid="52"><CoreSc1 advantage="None" conceptID="Res7" novelty="None" type="Res"/><text>The two principal chemical reactions taking place in the process included(1)SiC+2Cl2→SiCl4+Cwhich is thermodynamically allowed, with a Gibbs energy of ∆G=-434.1kJ/mol at 1000°C, and(2)CCl4→C+Cl2which is also thermodynamically allowed, with a Gibbs energy of ∆G=-36.672kJ/mol at 1000°C.</text></s>
<s sid="53"><CoreSc1 advantage="None" conceptID="Res8" novelty="None" type="Res"/><text>The carbon produced by reaction (1) formed the CDC layer, while reaction (2) formed the CVD layer.</text></s>
<s sid="54"><CoreSc1 advantage="None" conceptID="Res9" novelty="None" type="Res"/><text>As a result, the dual-layer carbon film composed of sub-layer of CDC and top layer of CVD carbon was synthesized.</text></s>
<s sid="55"><CoreSc1 advantage="None" conceptID="Obs5" novelty="None" type="Obs"/><text>Moreover, single CDC film was also synthesized for comparison.</text></s>
<s sid="56"><CoreSc1 advantage="None" conceptID="Obs6" novelty="None" type="Obs"/><text>The process parameters were the same to those in CDC process for dual-layer film preparation.</text></s>
Characterization
<s sid="57"><CoreSc1 advantage="None" conceptID="Exp16" novelty="None" type="Exp"/><text>Raman spectroscopy is a standard non-destructive analysis tool for characterization of various carbon materials.</text></s>
<s sid="58"><CoreSc1 advantage="None" conceptID="Exp17" novelty="None" type="Exp"/><text>The CDC and the dual-layer films were studied on a Horiba HR800 Raman system with an Ar laser excitation wavelength of 532nm.</text></s>
<s sid="59"><CoreSc1 advantage="None" conceptID="Exp18" novelty="None" type="Exp"/><text>This system is also equipped with a charge couple device (CCD) detector and an optical imaging for focusing the laser at a micro-region.</text></s>
<s sid="60"><CoreSc1 advantage="None" conceptID="Exp19" novelty="None" type="Exp"/><text>The Raman spectra were collected in the range between 600 and 2000cm-1 for 60s.</text></s>
<s sid="61"><CoreSc1 advantage="None" conceptID="Exp20" novelty="None" type="Exp"/><text>X-ray photoelectron spectroscopy (XPS) was used to analyze the surface composition and chemical nature of the CDC layer and the dual-layer film.</text></s>
<s sid="62"><CoreSc1 advantage="None" conceptID="Exp21" novelty="None" type="Exp"/><text>The XPS measurement was performed on PHI-5702 multifunctional photoelectron spectrometer, using Al-Ka X-ray (250W) as the excitation source.</text></s>
<s sid="63"><CoreSc1 advantage="None" conceptID="Exp22" novelty="None" type="Exp"/><text>No pre-treatment on the samples was conducted.</text></s>
<s sid="64"><CoreSc1 advantage="None" conceptID="Exp23" novelty="None" type="Exp"/><text>Survey spectra with energy step of 0.4eV and core level photoelectron lines C1s, O1s, Cl2p and Si2p with energy step of 0.125eV were recorded.</text></s>
<s sid="65"><CoreSc1 advantage="None" conceptID="Exp24" novelty="None" type="Exp"/><text>In order to investigate the surface topography evolvement, atomic force microscopy (AFM) was carried out with a Nanoscope IIIA Multimode apparatus (Veeco Instruments) under ambient conditions (relative humidity ~45%, temperature ~26-28°C).</text></s>
<s sid="66"><CoreSc1 advantage="None" conceptID="Exp25" novelty="None" type="Exp"/><text>AFM was performed in the tapping mode using rectangular silicon cantilevers with spring constant of ~40Nm-1 and typical resonance frequencies between 250 and 300kHz.</text></s>
<s sid="67"><CoreSc1 advantage="None" conceptID="Exp26" novelty="None" type="Exp"/><text>Field emission scanning electronic microscopy (FESEM, JSM-6701F) was also employed to observe the surface microstructure.</text></s>
Friction test
<s sid="68"><CoreSc1 advantage="None" conceptID="Exp27" novelty="None" type="Exp"/><text>Friction and wear behaviors of SiC, CDC layer and dual-layer film were contrastively studied on a UMT-2MT tribo-meter (CETR, USA) with a ball-on-disk configuration in ambient conditions (temperature of 27°C and relative humidity of 45%).</text></s>
<s sid="69"><CoreSc1 advantage="None" conceptID="Exp28" novelty="None" type="Exp"/><text>The Si3N4 and steel balls with diameter of 3mm made oscillating movement (5mm in amplitude) on the top of the samples for 30min.</text></s>
<s sid="70"><CoreSc1 advantage="None" conceptID="Exp29" novelty="None" type="Exp"/><text>The test conditions were 1N in load and 20mms-1 in sliding speed.</text></s>
<s sid="71"><CoreSc1 advantage="None" conceptID="Exp30" novelty="None" type="Exp"/><text>The friction coefficients were recorded by the tribo-meter.</text></s>
Results and discussion
Raman spectrum
<s sid="72"><CoreSc1 advantage="None" conceptID="Res10" novelty="None" type="Res"/><text>For the perfectly ordered graphite, the first-order Raman spectrum recorded in the near-infrared and visible light regimes shows only one peak around 1580cm-1, whereas disordered amorphous carbon generally exhibits two peaks: the so-called G-band at ~1580cm-1and the so-called D-band (disorder induced (D)) at ~1350cm-1, which is associated with the double-resonance Raman mechanism [15].</text></s>
<s sid="73"><CoreSc1 advantage="None" conceptID="Res11" novelty="None" type="Res"/><text>The positions of D- and G-bands, their relative intensity ratio (ID/IG), and their full widths at half maximum (FWHM) can be used to study the structural information of the carbon materials.</text></s>
<s sid="74"><CoreSc1 advantage="None" conceptID="Obs7" novelty="None" type="Obs"/><text>Fig. 2 presents the Raman spectra of SiC substrate, CDC layer, and dual-layer film to investigate the structure evolvement.</text></s>
<s sid="75"><CoreSc1 advantage="None" conceptID="Obs8" novelty="None" type="Obs"/><text>The Raman spectrum of SiC has several peaks in the range of 800-2000cm-1.</text></s>
<s sid="76"><CoreSc1 advantage="None" conceptID="Con4" novelty="None" type="Con"/><text>The strongest peak ~968cm-1 is the longitudinal (LO) optical phonon of SiC, while the peak ~782cm-1 is the transversal optical (TO) phonon.</text></s>
<s sid="77"><CoreSc1 advantage="None" conceptID="Obs9" novelty="None" type="Obs"/><text>The positions of D- and G-bands for CDC layer situate at ~1337cm-1 and ~1606cm-1, respectively, being different from the specific values for graphite (~1350cm-1 and ~1580cm-1).</text></s>
<s sid="78"><CoreSc1 advantage="None" conceptID="Res12" novelty="None" type="Res"/><text>Moreover, the D- and G-bands for CDC layer are greatly broadened and cannot be fitted with two Gaussians profiles.</text></s>
<s sid="79"><CoreSc1 advantage="None" conceptID="Res13" novelty="None" type="Res"/><text>As we know, the G-peak appears due to the in-plane bond-stretching motion of pairs of sp2 bonded C atoms in graphitic compounds whatever is their stacking order or their crystallite size.</text></s>
<s sid="80"><CoreSc1 advantage="None" conceptID="Res14" novelty="None" type="Res"/><text>The broadening and shifting to high wavenumbers of the G-band can be interpreted as an increase in bond angle disorder or the ultrasmall crystal size [16].</text></s>
<s sid="81"><CoreSc1 advantage="None" conceptID="Res15" novelty="None" type="Res"/><text>Alternatively, the internal stress induced by the nonuniformity of the crystalline structure and the mismatch between CDC and SiC substrate leads to peak broadening and up-shifting in Raman spectrum of CDC layer [17].</text></s>
<s sid="82"><CoreSc1 advantage="None" conceptID="Res16" novelty="None" type="Res"/><text>Unfortunately, the origin of the D-band shifting toward smaller wavenumbers is unclear.</text></s>
<s sid="83"><CoreSc1 advantage="None" conceptID="Res17" novelty="None" type="Res"/><text>However, the presence of broad D-band further demonstrates the disorder structure.</text></s>
<s sid="84"><CoreSc1 advantage="None" conceptID="Res18" novelty="None" type="Res"/><text>Its large FWHM implies a large distribution of sp2 bonded clusters with different ring sizes in the CDC layer [18].</text></s>
<s sid="85"><CoreSc1 advantage="None" conceptID="Res19" novelty="None" type="Res"/><text>2+2 Gaussian profiles can be used to fit the Raman spectrum [17] to calculate the integrated intensity ratio of D- and G-bands (ID/IG ≈1.70).</text></s>
<s sid="86"><CoreSc1 advantage="None" conceptID="Res20" novelty="None" type="Res"/><text>According to the Tuinstra and Koenig (TK) equation [19,20], the in-plane correlation length (La) or the average size of the graphite sheets in the CDC layer is estimated to be about 2.92nm.</text></s>
<s sid="87"><CoreSc1 advantage="None" conceptID="Res21" novelty="None" type="Res"/><text>The Raman features of the CVD layer are similar to that of the CDC layer, although the position of D-band shifts to the higher wavenumber at ~1354cm-1.</text></s>
<s sid="88"><CoreSc1 advantage="None" conceptID="Con5" novelty="None" type="Con"/><text>Since the CVD carbon nucleates and grows on the top of CDC layer, top layer may copy the structure of CDC layer in some extent and therefore their Raman feature is similar.</text></s>
<s sid="89"><CoreSc1 advantage="None" conceptID="Con6" novelty="None" type="Con"/><text>The up-shifted D-band of CVD layer may be attributed to the increased size of the graphite microcrystalline.</text></s>
<s sid="90"><CoreSc1 advantage="None" conceptID="Con7" novelty="None" type="Con"/><text>It is also necessary to note that the densification of the CVD layer and the reduced internal stress may lead to the difference in Raman spectrum.</text></s>
<s sid="91"><CoreSc1 advantage="None" conceptID="Res22" novelty="None" type="Res"/><text>The Raman spectrum of the CVD layer was also fitted with 2+2 Gaussian mode.</text></s>
<s sid="92"><CoreSc1 advantage="None" conceptID="Res23" novelty="None" type="Res"/><text>The integrated intensity ratio (ID/IG) reduces to 1.32, corresponding to an increased La of 3.75nm compared to CDC layer.</text></s>
XPS analysis
<s sid="93"><CoreSc1 advantage="None" conceptID="Goa1" novelty="None" type="Goa"/><text>The XPS measurements were carried out aiming to determine the surface composition and chemical nature for SiC, CDC layer and dual-layer film, as demonstrated in Fig. 3.</text></s>
<s sid="94"><CoreSc1 advantage="None" conceptID="Obs10" novelty="None" type="Obs"/><text>It is mentioned that oxidizing of silicon carbide surface can easily take place even at room temperature [21].</text></s>
<s sid="95"><CoreSc1 advantage="None" conceptID="Obs11" novelty="None" type="Obs"/><text>The oxygen peak in the survey spectrum may correspond to the contaminated oxygen or the oxidation of SiC surface (Fig. 3a).</text></s>
<s sid="96"><CoreSc1 advantage="None" conceptID="Res24" novelty="None" type="Res"/><text>Surface analysis of the CDC layer reveals that it does not consist purely of carbon, but that it still contains O, Si and Cl components.</text></s>
<s sid="97"><CoreSc1 advantage="None" conceptID="Res25" novelty="None" type="Res"/><text>The oxygen is related to the oxidation of CDC as well as physical adsorption of O2 and H2O molecular due to the highly porous structure.</text></s>
<s sid="98"><CoreSc1 advantage="None" conceptID="Res26" novelty="None" type="Res"/><text>Surprisingly, the Si is identified within the CDC layer.</text></s>
<s sid="99"><CoreSc1 advantage="None" conceptID="Bac6" novelty="None" type="Bac"/><text>Zinovev et al. [13] reported that the silicon maybe exist in oxidized forms of silicon, i.e.</text></s>
<s sid="100"><CoreSc1 advantage="None" conceptID="Obs12" novelty="None" type="Obs"/><text>SiO2, which derives from the oxidation of the escaped SiCl4 gas with trace oxygen.</text></s>
<s sid="101"><CoreSc1 advantage="None" conceptID="Res27" novelty="None" type="Res"/><text>The surface atomic concentration of Cl in the CDC layer by XPS analysis is about 5.5at.%.</text></s>
<s sid="102"><CoreSc1 advantage="None" conceptID="Res28" novelty="None" type="Res"/><text>Since the CDC layer results from selective etching of Si atoms in SiC by Cl2, some of the Cl2 is likely retained in the CDC layer in atomic or bonded form [22].</text></s>
<s sid="103"><CoreSc1 advantage="None" conceptID="Res29" novelty="None" type="Res"/><text>For the survey spectrum of dual-layer film, the surface composition is characterized by mainly the presence of C and O components with minor contents of Si (6.5at.%) and Cl (1.8at.%).</text></s>
<s sid="104"><CoreSc1 advantage="None" conceptID="Res30" novelty="None" type="Res"/><text>The attenuation of Si and Cl signals does not indicate that they are removed in subsequent CVD process, but their signals are covered by the top layer with increasing thickness.</text></s>
<s sid="105"><CoreSc1 advantage="None" conceptID="Res31" novelty="None" type="Res"/><text>More detailed information about the surface chemistry can be obtained from the analysis of the core level C1s spectra.</text></s>
<s sid="106"><CoreSc1 advantage="None" conceptID="Obs13" novelty="None" type="Obs"/><text>Fig. 3b-d shows the C1s core levels of SiC, CDC layer and CVD layer and their line shape fits.</text></s>
<s sid="107"><CoreSc1 advantage="None" conceptID="Obs14" novelty="None" type="Obs"/><text>The C1s peak on SiC demonstrates that the composition is dominated by the binding energy of C-Si (282.7eV) with C═C (284.3eV), C-C (285.0eV), and C-O (286.1eV) at the high binding energy (Fig. 3b).</text></s>
<s sid="108"><CoreSc1 advantage="None" conceptID="Obs15" novelty="None" type="Obs"/><text>The C1s peak of CDC can be fitted by five components with binding energies of 284.4, 285.3, 286.2, 287.2, and 283.0eV.</text></s>
<s sid="109"><CoreSc1 advantage="None" conceptID="Res32" novelty="None" type="Res"/><text>The first component is attributed to the sp2 bonded carbon, whereas the second one is attributed to the sp3 coordinated bonds in amorphous carbon [23,24].</text></s>
<s sid="110"><CoreSc1 advantage="None" conceptID="Res33" novelty="None" type="Res"/><text>The component at 287.2 and 283.0eV is assigned to C═O bonded carbon [25] and C-Si bond, respectively.</text></s>
<s sid="111"><CoreSc1 advantage="None" conceptID="Res34" novelty="None" type="Res"/><text>The component with bonding energy of 286.2eV is attributed to C-Cl or C-O bond.</text></s>
<s sid="112"><CoreSc1 advantage="None" conceptID="Obs16" novelty="None" type="Obs"/><text>In Fig. 3d, the C1s peak of the dual-layer film is fitted by four components with the binding energy of 284.3, 285.1, 286.1, and 287.0eV.</text></s>
<s sid="113"><CoreSc1 advantage="None" conceptID="Res35" novelty="None" type="Res"/><text>Similar to that of the CDC layer, the two contributions at low binding energy are assigned to the sp2 and sp3 C.</text></s>
<s sid="114"><CoreSc1 advantage="None" conceptID="Res36" novelty="None" type="Res"/><text>The components at 286.1 and 287.0eV should be attributed to C-O and C═O bond, respectively.</text></s>
<s sid="115"><CoreSc1 advantage="None" conceptID="Res37" novelty="None" type="Res"/><text>From the XPS analysis, both the CDC and the dual-layer film mainly consist of sp2 bonded carbon with a small mixture of sp3 carbon, C-O, and C═O.</text></s>
<s sid="116"><CoreSc1 advantage="None" conceptID="Con8" novelty="None" type="Con"/><text>However, the effect of surface chemical nature of CDC layer under the top layer cannot be studied by XPS.</text></s>
<s sid="117"><CoreSc1 advantage="None" conceptID="Con9" novelty="None" type="Con"/><text>Indeed, there are many voids, defects, and active atomic and/or molecular sites, which may contain dangling or unsatisfied σ-bonds within the CDC film (especially near the top) [22].</text></s>
<s sid="118"><CoreSc1 advantage="None" conceptID="Con10" novelty="None" type="Con"/><text>Before the CVD process, such active sites are passivated by physical interaction (i.e. physical adsorption) and formation of metastable chemical bonds, e.g.</text></s>
the C-Cl bond.
<s sid="119"><CoreSc1 advantage="None" conceptID="Con11" novelty="None" type="Con"/><text>In other words, the surface of the CDC layer is highly active, which can act as a &quot;seedbed&quot; for nucleation and growth of the top layer.</text></s>
Surface morphology
<s sid="120"><CoreSc1 advantage="None" conceptID="Obs17" novelty="None" type="Obs"/><text>Fig. 4 shows the AFM images and corresponding 3D profiles of SiC wafer, CDC layer and dual-layer film, indicating surface morphology evolution in the process.</text></s>
<s sid="121"><CoreSc1 advantage="None" conceptID="Obs18" novelty="None" type="Obs"/><text>The as-received SiC surface in Fig. 4a and b is characterized by highly uniform and flat terraces.</text></s>
<s sid="122"><CoreSc1 advantage="None" conceptID="Res38" novelty="None" type="Res"/><text>The surface roughness RMS (root mean square roughness) is evaluated as 0.22nm.</text></s>
<s sid="123"><CoreSc1 advantage="None" conceptID="Res39" novelty="None" type="Res"/><text>The step direction and terrace width are determined by the incidental disorientation of the substrate surface with respect to the crystallographic (0001) plane [26].</text></s>
<s sid="124"><CoreSc1 advantage="None" conceptID="Res40" novelty="None" type="Res"/><text>The step height is smaller than that of the dimension of the 6H-SiC unit cell in the direction perpendicular to the surface (c axis), which may resulted from the silicon oxide layer.</text></s>
<s sid="125"><CoreSc1 advantage="None" conceptID="Obs19" novelty="None" type="Obs"/><text>The morphology of the CDC layer prepared by chlorination is shown in Fig. 4c and d.</text></s>
<s sid="126"><CoreSc1 advantage="None" conceptID="Res41" novelty="None" type="Res"/><text>The SiC surface undergoes significant modification: it is now covered with numerous nanopores up to 100nm in width, and the original are disappeared.</text></s>
<s sid="127"><CoreSc1 advantage="None" conceptID="Res42" novelty="None" type="Res"/><text>The formation of CDC is accompanied by substantial changes in the morphology, leading to a considerable increasing surface roughness of 1.46nm.</text></s>
<s sid="128"><CoreSc1 advantage="None" conceptID="Con12" novelty="None" type="Con"/><text>As a consequence of chlorination, the CDC layer possesses a nanoporous structure and an increasing specific surface area on the surface [6,27].</text></s>
<s sid="129"><CoreSc1 advantage="None" conceptID="Con13" novelty="None" type="Con"/><text>The nanopores can easily capture the carbon species from the gas phase for the subsequent CVD process, which benefits the nucleation and growth of the CVD layer.</text></s>
<s sid="130"><CoreSc1 advantage="None" conceptID="Obs20" novelty="None" type="Obs"/><text>After the CVD process, the surface morphology is characterized by spherical or ellipsoidal particles, as shown in Fig. 4e and f.</text></s>
<s sid="131"><CoreSc1 advantage="None" conceptID="Obs21" novelty="None" type="Obs"/><text>The size of carbon particles is up to approximately 3μm in diameter, and the surface roughness is substantially increased to 54.68nm in RMS.</text></s>
<s sid="132"><CoreSc1 advantage="None" conceptID="Obs22" novelty="None" type="Obs"/><text>The surface microstructures of the CDC layer and the dual-layer film are also investigated by FESEM as shown in Fig. 5.</text></s>
<s sid="133"><CoreSc1 advantage="None" conceptID="Con14" novelty="None" type="Con"/><text>As the CDC layer is formed by selective etching of Si from SiC, the surface is characterized of a highly porous structure mainly consisted of numerous nanoscale pores and a corresponding large specific area of the CDC layer (Fig. 5a).</text></s>
<s sid="134"><CoreSc1 advantage="None" conceptID="Res43" novelty="None" type="Res"/><text>Assuming all the Si atoms are removed from SiC and no volume change occurs, a large pore volume of 57.3% will be obtained.</text></s>
<s sid="135"><CoreSc1 advantage="None" conceptID="Con15" novelty="None" type="Con"/><text>Such a unique microstructure of nanopores as well as the surface chemical activity should promote the nucleation and growth of CVD layer.</text></s>
<s sid="136"><CoreSc1 advantage="None" conceptID="Con16" novelty="None" type="Con"/><text>Fig. 5b shows the microstructure of the CVD layer.</text></s>
<s sid="137"><CoreSc1 advantage="None" conceptID="Con17" novelty="None" type="Con"/><text>The whole surface is uniformly covered with quasi-spherical carbon particles with size in submicrometer scale, with accordance to the observation by AFM (Fig. 4c and d).</text></s>
Tribological property
<s sid="138"><CoreSc1 advantage="None" conceptID="Obj11" novelty="None" type="Obj"/><text>The tribological behaviors of SiC wafer, CDC, and dual-layer film are contrastively investigated to evaluate the potential lubrication.</text></s>
<s sid="139"><CoreSc1 advantage="None" conceptID="Obs23" novelty="None" type="Obs"/><text>Fig. 6a and b shows the friction coefficient as a function of sliding time of the samples sliding against Si3N4 and steel in room air, respectively.</text></s>
<s sid="140"><CoreSc1 advantage="None" conceptID="Res44" novelty="None" type="Res"/><text>After a run-in process of about 500s, the friction coefficient of SiC wafer against Si3N4 is steady at 0.80, which is the typical value of SiC ceramic in open air.</text></s>
<s sid="141"><CoreSc1 advantage="None" conceptID="Res45" novelty="None" type="Res"/><text>Meanwhile, the friction coefficient curve fluctuates rather heavily during testing.</text></s>
<s sid="142"><CoreSc1 advantage="None" conceptID="Res46" novelty="None" type="Res"/><text>The friction coefficient of the CDC layer greatly reduces to 0.25, showing an improved tribological behavior compared to SiC.</text></s>
<s sid="143"><CoreSc1 advantage="None" conceptID="Res47" novelty="None" type="Res"/><text>When sliding against Si3N4, the friction coefficient of the dual-layer film is further reduced to 0.15.</text></s>
<s sid="144"><CoreSc1 advantage="None" conceptID="Res48" novelty="None" type="Res"/><text>Differently, the friction coefficients of the CDC layer and the dual-layer film against steel ball are higher than Si3N4.</text></s>
<s sid="145"><CoreSc1 advantage="None" conceptID="Res49" novelty="None" type="Res"/><text>Specifically, the friction coefficient of the CDC layer drastically fluctuates in initial process and the average value is above 0.3, while that of the dual-layer film is very steady and slightly increases to 0.17.</text></s>
<s sid="146"><CoreSc1 advantage="None" conceptID="Con18" novelty="None" type="Con"/><text>From the tribological results, we can conclude that the Si3N4 is the preferred dual material over the steel whenever sliding against the CDC layer or the dual-layer film.</text></s>
<s sid="147"><CoreSc1 advantage="None" conceptID="Con19" novelty="None" type="Con"/><text>The steel is easily worn because of its much lower hardness than Si3N4.</text></s>
<s sid="148"><CoreSc1 advantage="None" conceptID="Con20" novelty="None" type="Con"/><text>The debris from the steel retained in the contact surface can lead to severe abrasive wear.</text></s>
<s sid="149"><CoreSc1 advantage="None" conceptID="Con21" novelty="None" type="Con"/><text>Moreover, chemical corrosion [28] and adhesive interaction prefer to occur in the contact surface to increase friction when sliding against steel.</text></s>
<s sid="150"><CoreSc1 advantage="None" conceptID="Con22" novelty="None" type="Con"/><text>Whereas, such negative effects are attenuated when against Si3N4 ball because of its high hardness and chemical inertness.</text></s>
<s sid="151"><CoreSc1 advantage="None" conceptID="Con23" novelty="None" type="Con"/><text>Additionally, the dual-layer film shows advantages over the CDC layer in friction reduction.</text></s>
<s sid="152"><CoreSc1 advantage="None" conceptID="Con24" novelty="None" type="Con"/><text>As aforementioned, the surface of the CDC layer is highly active with many dangling bonds, unsatisfied σ-bonds, and unstable chemical bonds (the C-Cl, for instance) [22].</text></s>
<s sid="153"><CoreSc1 advantage="None" conceptID="Con25" novelty="None" type="Con"/><text>The presence of such bonds at sliding contact interfaces is undesirable as they can easily cause adhesive interactions during sliding motion.</text></s>
<s sid="154"><CoreSc1 advantage="None" conceptID="Con26" novelty="None" type="Con"/><text>In addition, hard particles of SiO2 in the CDC layer can increase the friction in the form of abrasion.</text></s>
<s sid="155"><CoreSc1 advantage="None" conceptID="Res50" novelty="None" type="Res"/><text>For the dual-layer film, the active bonds are effectively eliminated by highly energetic carbon atoms generated in pyrolyzing of CCl4.</text></s>
<s sid="156"><CoreSc1 advantage="None" conceptID="Res51" novelty="None" type="Res"/><text>Moreover, the concentration of Cl atomics on the surface is greatly reduced, which can be seen from the XPS results.</text></s>
<s sid="157"><CoreSc1 advantage="None" conceptID="Res52" novelty="None" type="Res"/><text>As a result, the dual-layer film shows an improved tribological behavior compared with the CDC layer.</text></s>
Conclusions
<s sid="158"><CoreSc1 advantage="None" conceptID="Res53" novelty="None" type="Res"/><text>A dual-layer carbon film was successfully synthesized by carbide-derived carbon process and subsequent chemical vapor deposition.</text></s>
<s sid="159"><CoreSc1 advantage="None" conceptID="Con27" novelty="None" type="Con"/><text>The dual-layer film is composed of a CDC layer formed by chlorination of SiC and a CVD layer formed by pyrolyzing the CCl4 at high temperature.</text></s>
<s sid="160"><CoreSc1 advantage="None" conceptID="Con28" novelty="None" type="Con"/><text>Due to the selective removal of Si from SiC, the as-received CDC layer is highly porous in structure and contains many dangling bonds and unsatisfied σ-bonds on the surface.</text></s>
<s sid="161"><CoreSc1 advantage="None" conceptID="Con29" novelty="None" type="Con"/><text>By AFM and FESEM observation, the porous structure of CDC layer is characterized with numerous nanopores that can benefit the surface capturing carbon containing species from gas mixture.</text></s>
<s sid="162"><CoreSc1 advantage="None" conceptID="Con30" novelty="None" type="Con"/><text>On the other hands, the as-received CDC surface is chemically active, so the pyrolyzed carbon atoms are readily bonded to the surface.</text></s>
<s sid="163"><CoreSc1 advantage="None" conceptID="Con31" novelty="None" type="Con"/><text>In short, the CDC layer serves as a seed and intermediate layer for the subsequent CVD carbon deposition.</text></s>
<s sid="164"><CoreSc1 advantage="None" conceptID="Obs24" novelty="None" type="Obs"/><text>The dual-layer film shows a typical amorphous structure, exhibiting D- and G-bands in Raman spectrum at ~1354 and ~1605cm-1, respectively.</text></s>
<s sid="165"><CoreSc1 advantage="None" conceptID="Con32" novelty="None" type="Con"/><text>The preliminary tribological study demonstrates that the dual-layer film outperforms the single CDC layer in lubricating SiC substrate.</text></s>
<s sid="166"><CoreSc1 advantage="None" conceptID="Con33" novelty="None" type="Con"/><text>It is expected that this dual-layer film will find great potential in lubrication for SiC-based moving components.</text></s>
<s sid="167"><CoreSc1 advantage="None" conceptID="Con34" novelty="None" type="Con"/><text>In the future, it is necessary to further understand the growth mechanism, control the structure and improve the properties of this dual-layer film by optimizing the process parameters.</text></s>

</BODY>
</PAPER>