<?xml version="1.0" ?><PAPER><mode2 hasDoc="yes" name="S1386142513006823.tmf1" version="elsevier"/>
<TITLE>Synthesis, spectroscopic, coordination and biological activities of some organometallic complexes derived from thio-Schiff base ligands
</TITLE>
<ABSTRACT>

Graphical abstract
<s sid="1"><CoreSc1 advantage="None" conceptID="Met1" novelty="None" type="Met"/><text>Synthesis, spectroscopic, coordination and biological activities of some organometallic complexes derived from thio-Schiff base ligands</text></s>
Highlights
•
<s sid="2"><CoreSc1 advantage="None" conceptID="Met2" novelty="None" type="Met"/><text>Thio Schiff base complexes derived from mono- and diacetyl ferrocene were synthesized.</text></s>
•
<s sid="3"><CoreSc1 advantage="None" conceptID="Met3" novelty="None" type="Met"/><text>The complexes are characterized by different spectroscopic techniques.</text></s>
•
<s sid="4"><CoreSc1 advantage="None" conceptID="Obj1" novelty="None" type="Obj"/><text>The complexes have different varieties of geometrical structures.</text></s>
•
Biochemical studies were studied.
Abstract
<s sid="5"><CoreSc1 advantage="None" conceptID="Obj2" novelty="None" type="Obj"/><text>Two series of mono- and binuclear complexes cyclic or acyclic thio-ferocine Schiff base ligands, derived from the condensation of 2-aminobenzenthiol (L) with monoacetyl ferrocene in the molar ratio 1:1 or in the molar ratio 1:2 for diacetyl ferocine have been prepared.</text></s>
<s sid="6"><CoreSc1 advantage="None" conceptID="Obj3" novelty="None" type="Obj"/><text>The condensation reactions yield the corresponding Schiff Base ligands, HLa-Maf and H2Lb-Daf.</text></s>
<s sid="7"><CoreSc1 advantage="None" conceptID="Obj4" novelty="None" type="Obj"/><text>The chelation of the ligands to metal ions occurs through the sulfur of the thiol group as well as the nitrogen atoms of the azomethine group of the ligands.</text></s>
<s sid="8"><CoreSc1 advantage="None" conceptID="Res1" novelty="None" type="Res"/><text>HLa-Maf acts as monobasic bidentate or dibasic tetradentate, while H2Lb-Daf behaves as twice negatively cargend tetradentate ligand.</text></s>
<s sid="9"><CoreSc1 advantage="None" conceptID="Res2" novelty="None" type="Res"/><text>The structures of these ligands were elucidated by elemental analysis, infrared, ultraviolet-visible spectra, as well as 1H NMR spectra.</text></s>
<s sid="10"><CoreSc1 advantage="None" conceptID="Res3" novelty="None" type="Res"/><text>Reactions of the Schiff bases ligands with ruthenium(III), oxovanadium(IV) and dioxouranium(VI) afforded the corresponding transition metal complexes.</text></s>
<s sid="11"><CoreSc1 advantage="None" conceptID="Res4" novelty="None" type="Res"/><text>The properties of the newly prepared complexes were analyse by elemental analyses, infrared, electronic spectra, 1H NMR as well as the magnetic susceptibility and conductivity measurement.</text></s>
<s sid="12"><CoreSc1 advantage="None" conceptID="Res5" novelty="None" type="Res"/><text>The metal complexes exhibits different geometrical arrangements such as octahedral and square pyramidal coordination.</text></s>
<s sid="13"><CoreSc1 advantage="None" conceptID="Obj5" novelty="None" type="Obj"/><text>Schiff base ligands and their metal complexes were tested against two pathogenic bacteria as Gram-positive and Gram-negative bacteria as well as one kind of fungi to study their biological activity.</text></s>
<s sid="14"><CoreSc1 advantage="None" conceptID="Obs1" novelty="None" type="Obs"/><text>All the complexes exhibit antibacterial and antifungal activities against these organisms.</text></s>
</ABSTRACT>
<BODY>

Introduction
<s sid="15"><CoreSc1 advantage="None" conceptID="Mot1" novelty="None" type="Mot"/><text>π-Conjugated organic molecular systems provide a wide range of possible substitution and functionality are of considerable interest because of their applications in biochemistry [1,2] asymmetric catalysis [3], organometalic chemistry [4-10] material science [11-13], electronic and photonic technologies relevant to optical computing applications [14].</text></s>
<s sid="16"><CoreSc1 advantage="None" conceptID="Hyp1" novelty="None" type="Hyp"/><text>The redox-active ferrocene moiety has also been exploited in the electrochemical sensing of anions; these receptors are expected to show cathodic shifts in their redox process when complexed to an anion [15-17].</text></s>
<s sid="17"><CoreSc1 advantage="None" conceptID="Met4" novelty="None" type="Met"/><text>Furthermore, It has been reported, [18,19] the use of platinum and gold complexes of 1,1′-bis(diphenylphosphino)ferrocene might be used successfully against various tumours.</text></s>
<s sid="18"><CoreSc1 advantage="None" conceptID="Met5" novelty="None" type="Met"/><text>An enhanced antibiotic activity of penicillin and cephalosporine may be obtained by replacing the aromatic group with the ferrocenyl moiety [20,21].</text></s>
<s sid="19"><CoreSc1 advantage="None" conceptID="Obj6" novelty="None" type="Obj"/><text>In view of these facts, we have previously synthesized a new class of mono and disubstitutedferrocene-derived from thio-Schiff bases ligands and their coordination behaviour with different transition metals for which antimicrobial activities have been discussed [22].</text></s>
<s sid="20"><CoreSc1 advantage="None" conceptID="Obj7" novelty="None" type="Obj"/><text>In continuation of our work, two new series of cyclic or acyclic mono- or binuclear complexes have been prepared from thio-Schiff base ligands, HLa-Maf and H2Lb-Daf.</text></s>
<s sid="21"><CoreSc1 advantage="None" conceptID="Obj8" novelty="None" type="Obj"/><text>The reaction of Schiff bases ligands with ruthenium(III), oxovanadium(IV) and dioxouranium(VI), affords a mono or binuclear complex of a cyclic or macrocyclic complexes, according to the mole ratio of metal to ligand.</text></s>
<s sid="22"><CoreSc1 advantage="None" conceptID="Met6" novelty="None" type="Met"/><text>The Schiff base and their newly prepared metal complexes were identified by different physicochemical and spectroscopic techniques.</text></s>
<s sid="23"><CoreSc1 advantage="None" conceptID="Met7" novelty="None" type="Met"/><text>The microbial activity of Schiff bases and their transition metal complexes have been investigated against two pathogenic bacteria (Staphylococcus aureus) as Gram-positive bacteria, and (Pseudomonas fluorescens) as Gram-negative bacteria in addition to one kind of fungi (Fusarium oxysporum) to assess their antimicrobial properties.</text></s>
Experimental
Materials
<s sid="24"><CoreSc1 advantage="None" conceptID="Exp1" novelty="None" type="Exp"/><text>The nitrate salt of dioxouranium(VI) was obtained from Merck or DBH.</text></s>
<s sid="25"><CoreSc1 advantage="None" conceptID="Exp2" novelty="None" type="Exp"/><text>Oxovanadium(IV) acetae monohydrate is BDH.</text></s>
<s sid="26"><CoreSc1 advantage="None" conceptID="Exp3" novelty="None" type="Exp"/><text>Ruthenium(III) chloride trihydrates was purchased from Sigma.</text></s>
<s sid="27"><CoreSc1 advantage="None" conceptID="Exp4" novelty="None" type="Exp"/><text>Organic solvents (absolute ethyl alcohol, methyl alcohol, acetone, dimethylformamide (DMF) and dimethylsulfoxide, (DMSO) are reagent grade and were used without further purification.</text></s>
<s sid="28"><CoreSc1 advantage="None" conceptID="Exp5" novelty="None" type="Exp"/><text>Mono- and 1,1′-diacetylferrocene were punctured from Aldrich.</text></s>
Physical measurements
<s sid="29"><CoreSc1 advantage="None" conceptID="Exp6" novelty="None" type="Exp"/><text>Microanalyses of carbon, hydrogen and nitrogen were carried out on a Perkin-Elmer 2400 Series II Analyzer.</text></s>
<s sid="30"><CoreSc1 advantage="None" conceptID="Exp7" novelty="None" type="Exp"/><text>Electronic spectra of DMF solutions of the metal complexes were carried out by using UV-Vis Perkin-Elmer Model Lamda 900.</text></s>
NIR IR and Mid-range.
<s sid="31"><CoreSc1 advantage="None" conceptID="Exp8" novelty="None" type="Exp"/><text>FTIR spectra of the compounds were recorded as KBr-pellets within the range 4000-400cm-1 using a Perkin-Elmer 16PC FTIR spectrometer.</text></s>
<s sid="32"><CoreSc1 advantage="None" conceptID="Exp9" novelty="None" type="Exp"/><text>Far FTIR spectra were recorded within the range 600-200cm-1 on a Perkin-Elmer System 2000, spectrometer using polyethylene pellets at Institute of Applied Synthetic Chemistry, Vienna University of Technology.</text></s>
<s sid="33"><CoreSc1 advantage="None" conceptID="Exp10" novelty="None" type="Exp"/><text>Analyses of the metals in the complexes were carried out by the dissolution of the solid complex in concentrated HNO3, neutralizing the diluted aqueous solutions with ammonia.</text></s>
<s sid="34"><CoreSc1 advantage="None" conceptID="Exp11" novelty="None" type="Exp"/><text>The metal content of the solutions were then titrated with EDTA [23].</text></s>
<s sid="35"><CoreSc1 advantage="None" conceptID="Exp12" novelty="None" type="Exp"/><text>0.1g of uranyl complex was placed in a clean and dry weighed crucible and ignited on Bunsen flame for 15min.</text></s>
<s sid="36"><CoreSc1 advantage="None" conceptID="Exp13" novelty="None" type="Exp"/><text>After that, the crucible was ignited in a muffle oven and heated at 1000°C until constant weight for about 2h.</text></s>
<s sid="37"><CoreSc1 advantage="None" conceptID="Exp14" novelty="None" type="Exp"/><text>The residue was cooled and weighed again as U3O8.</text></s>
<s sid="38"><CoreSc1 advantage="None" conceptID="Exp15" novelty="None" type="Exp"/><text>Mass spectra measurements were carried out on a Shimadzu-GC-MS-QP, mass spectrometer model 1000 EX using a direct inlet system, at 220°C and 70eV in the Micro Analytical Center, Cairo University, Egypt.</text></s>
<s sid="39"><CoreSc1 advantage="None" conceptID="Exp16" novelty="None" type="Exp"/><text>1H NMR spectra of the ligands and UO2(IV) complexes, as solutions in DMSO-d6, were recorded on a Bruker WP 200 SY, spectrometer at room temperature using TMS as an internal standard, at national research center, Giza, Egypt.</text></s>
<s sid="40"><CoreSc1 advantage="None" conceptID="Exp17" novelty="None" type="Exp"/><text>Magnetic susceptibilities of the complexes were measured at room temperature using a Johnson Matthey, Alfa Products, model MKI magnetic susceptibility balance.</text></s>
<s sid="41"><CoreSc1 advantage="None" conceptID="Exp18" novelty="None" type="Exp"/><text>The effective magnetic moments were calculated from the expression μeff.=2.828 (χM·T)1/2 B.M., where χM is the molar susceptibility corrected using Pascal's constants for the diamagnetism of all atoms in the compounds [24].</text></s>
<s sid="42"><CoreSc1 advantage="None" conceptID="Exp19" novelty="None" type="Exp"/><text>Molar conductivities were measured in DMF solutions of the complexes (10-3M) using a model LBR, WTWD-812, Weilheim Conductivity meter fitted with a LTA100 cell.</text></s>
<s sid="43"><CoreSc1 advantage="None" conceptID="Exp20" novelty="None" type="Exp"/><text>Synthesis of the Schiff base, HLa-Maf and H2Lb-Daf</text></s>
<s sid="44"><CoreSc1 advantage="None" conceptID="Exp21" novelty="None" type="Exp"/><text>The Schiff base, HLa-Maf and H2Lb-Daf ligands were prepared by the addition of monoacetyl ferrocine, Maf, (1.00g, 4.38mmol) in ethanol (20mL) to 2-aminobenzenthiol (0.548g, 4.38mmol) in a molar ratio 1:1, (For details see Supplementary material) The species H2Lb-Daf was synthesized in the molar ratio, 1:2 by the addition of 1,1′-diacetyl ferrocine, Daf, (1.00g, 3.70mmol) in ethanol (20mL) to (1.00g, 3.70mmol) (2-aminobenzenthiol).</text></s>
<s sid="45"><CoreSc1 advantage="None" conceptID="Exp22" novelty="None" type="Exp"/><text>The solutions were refluxed for 3h.</text></s>
<s sid="46"><CoreSc1 advantage="None" conceptID="Exp23" novelty="None" type="Exp"/><text>Brown (HLa-Maf) or dark orange (H2Lb-Daf) crystals were formed on cooling the solutions slowly to room temperature.</text></s>
<s sid="47"><CoreSc1 advantage="None" conceptID="Exp24" novelty="None" type="Exp"/><text>The precipitates were collected by filtration, washed with ethanol then diethylether and finally air-dried.</text></s>
<s sid="48"><CoreSc1 advantage="None" conceptID="Obs2" novelty="None" type="Obs"/><text>The yields were 68.97%, m.p.</text></s>
<s sid="49"><CoreSc1 advantage="None" conceptID="Obs3" novelty="None" type="Obs"/><text>246°C for HLa-Maf and 62.46%, m.p.</text></s>
234°C for H2Lb-Daf.
<s sid="50"><CoreSc1 advantage="None" conceptID="Res6" novelty="None" type="Res"/><text>Synthesis of the transition metal complexes of the Schiff base</text></s>
<s sid="51"><CoreSc1 advantage="None" conceptID="Res7" novelty="None" type="Res"/><text>Reaction of the Schiff base ligand HLa-Maf with ruthenium(III), oxovanadium(IV) and dioxouranium(VI) ions in molar 1:1 and 2:1 afforded the corresponding stoichiometry transition metal complexes.</text></s>
<s sid="52"><CoreSc1 advantage="None" conceptID="Obs4" novelty="None" type="Obs"/><text>On the other hand, mono and binuclear complexes for H2Lb-Daf were obtained in its binegative form in the molar ratio 1:1 and 1:2 (H2Lb-Daf: metal).</text></s>
<s sid="53"><CoreSc1 advantage="None" conceptID="Obs5" novelty="None" type="Obs"/><text>One example for the detailed preparations is given for each method to obtain mono- or binuclear metal complex in acyclic or cyclic geometry.</text></s>
<s sid="54"><CoreSc1 advantage="None" conceptID="Exp25" novelty="None" type="Exp"/><text>For the preparation of the VO2+, complex, 0.1g of sodium acetate was added as a buffering agent to raise the pH medium.</text></s>
<s sid="55"><CoreSc1 advantage="None" conceptID="Res8" novelty="None" type="Res"/><text>Synthesis of transition metal complexes 1 and 4</text></s>
<s sid="56"><CoreSc1 advantage="None" conceptID="Exp26" novelty="None" type="Exp"/><text>A solution of Ru(III) (2.00g, 9.64mmol) in ethanol (40mL) was added gradually to a solution of the corresponding amount of Schiff base, HLa-Maf (3.23g, 9.46mmol), i.e. in the molar ratio, 1 metal: 1 HLa-Maf and to (6.46g, 6.20mmol) for (HLa-Maf)2 in ethanol (20mL), i.e. in the molar ratio, 1 metal: 2(HLa-Maf).</text></s>
<s sid="57"><CoreSc1 advantage="None" conceptID="Exp27" novelty="None" type="Exp"/><text>The solutions were stirred for 30min and heated under reflux for further 3h.</text></s>
<s sid="58"><CoreSc1 advantage="None" conceptID="Exp28" novelty="None" type="Exp"/><text>The precipitate was formed after cooling to room temperature.</text></s>
<s sid="59"><CoreSc1 advantage="None" conceptID="Exp29" novelty="None" type="Exp"/><text>The precipitate was filtered off, washed with ethanol, and then diethyl ether and finally air dried.</text></s>
<s sid="60"><CoreSc1 advantage="None" conceptID="Obs6" novelty="None" type="Obs"/><text>The yields were 58.76%, m.p.&gt;250°C and 65.43%, m.p.&gt;250°C for, 1[Ru(La-Maf)(Cl)2(H2O)2]·H2O and (4) [Ru(La-Maf)2(H2O)2]·H2O·Cl complexes, respectively (For details see Supplementary material).</text></s>
<s sid="61"><CoreSc1 advantage="None" conceptID="Obs7" novelty="None" type="Obs"/><text>Synthesis of the transition metal complexes 7 and 11</text></s>
<s sid="62"><CoreSc1 advantage="None" conceptID="Exp30" novelty="None" type="Exp"/><text>A solution of Ru(III) (1.00g, 4.82mmol) in ethanol (40mL) was added gradually to solution of the corresponding amount of Schiff base, H2Lb-Daf (2.33g, 4.82mmol), i.e. in the molar ratio, 1 metal: 1 H2Lb-Daf and to (1.167g, 2.41mmol) for (H2Lb-Daf)2 in ethanol (20mL), i.e. in the molar ratio, 2 metal: 1 H2Lb-Daf.</text></s>
<s sid="63"><CoreSc1 advantage="None" conceptID="Exp31" novelty="None" type="Exp"/><text>The solutions were stirred for 30min and heated to reflux for 3h.</text></s>
<s sid="64"><CoreSc1 advantage="None" conceptID="Exp32" novelty="None" type="Exp"/><text>The precipitate was formed after cooling to room temperature.</text></s>
<s sid="65"><CoreSc1 advantage="None" conceptID="Exp33" novelty="None" type="Exp"/><text>It was filtered off, washed with ethanol, and then diethylether and finally air dried.</text></s>
<s sid="66"><CoreSc1 advantage="None" conceptID="Obs8" novelty="None" type="Obs"/><text>The yields were 54.82%, m.p.&gt;250°C and 58.46%, m.p.&gt;250°C for (7)[Ru(Lb-Daf)(Cl)(H2O)]H2O and (10) [Ru2(Lb-Daf)(Cl)4(H2O)2]·H2O complexes, respectively (For details see Supplementary material).</text></s>
Biological studies
<s sid="67"><CoreSc1 advantage="None" conceptID="Met8" novelty="None" type="Met"/><text>In vitro antibacterial activity studies were carried out using the standardized disc-agar diffusion method [25] to investigate the inhibitory effect of the synthesized ligand and complexes against Gram-positive bacteria, such as S. aureus (ATCC25923), Gram-negative bacteria: as P. fluorescens (S97) and F. oxysporum as a kind of fungi.</text></s>
<s sid="68"><CoreSc1 advantage="None" conceptID="Met9" novelty="None" type="Met"/><text>The antibiotic chloramphencol was used as standard reference in the case of Gram-negative bacteria and cephalothin was used as standard reference in the case of Gram-positive bacteria and cycloheximide was used as standard antifungal reference.</text></s>
<s sid="69"><CoreSc1 advantage="None" conceptID="Met10" novelty="None" type="Met"/><text>An inhibition zone diameter indicates that the tested compounds are active against the used kinds of the bacteria and fungus.</text></s>
<s sid="70"><CoreSc1 advantage="None" conceptID="Met11" novelty="None" type="Met"/><text>The tested compounds were dissolved in DMF (which have no inhibition activity), to get concentrations of 2 and 1mgmL-1.</text></s>
<s sid="71"><CoreSc1 advantage="None" conceptID="Exp34" novelty="None" type="Exp"/><text>The test was performed on medium potato dextrose agar (PDA) which contains infusion of 200g potatoes, 6g dextrose and 15g agar [26,27].</text></s>
<s sid="72"><CoreSc1 advantage="None" conceptID="Exp35" novelty="None" type="Exp"/><text>Uniform size filter paper disks (3 disks per compound) were impregnated by equal volume (10mL) from the specific concentration of dissolved tested compounds and carefully placed on incubated agar surface.</text></s>
<s sid="73"><CoreSc1 advantage="None" conceptID="Met12" novelty="None" type="Met"/><text>After incubation for 36h at 27°C in the case of bacteria and for 48h at 24°C in the case of fungi, inhibition of the organisms, which evidenced by clear zone surround each disk, was measured and used to calculate mean of inhibition zones.</text></s>
<s sid="74"><CoreSc1 advantage="None" conceptID="Goa1" novelty="None" type="Goa"/><text>The activity of tested compounds was categorized as (i) low activity=mean of zone diameter is ⩽1/3 of mean zone diameter of control, (ii) intermediate activity=mean of zone diameter ⩽2/3 of mean zone diameter of control and (iii) high activity=mean of zone diameter &gt;2/3 of mean zone diameter of control.</text></s>
<s sid="75"><CoreSc1 advantage="None" conceptID="Res9" novelty="None" type="Res"/><text>The studies are carried out at Faculty of Agriculture, Department of plant Pathology, Al-Azhar University.</text></s>
Results and discussion
<s sid="76"><CoreSc1 advantage="None" conceptID="Res10" novelty="None" type="Res"/><text>The physical and analytical data of the Schiff base ligands and their corresponding transition metal complexes are listed in Table 1.</text></s>
<s sid="77"><CoreSc1 advantage="None" conceptID="Con1" novelty="None" type="Con"/><text>Comparing the IR spectra of the complexes with the spectra of the free ligands elucidated the mode of binding of the Schiff bases to the metal ions.</text></s>
<s sid="78"><CoreSc1 advantage="None" conceptID="Con2" novelty="None" type="Con"/><text>These complexes are investigated also by elemental analyses and different spectroscopic methods.</text></s>
<s sid="79"><CoreSc1 advantage="None" conceptID="Con3" novelty="None" type="Con"/><text>Characterization of Schiff bases ligands, HLa-Maf and H2Lb-Daf</text></s>
<s sid="80"><CoreSc1 advantage="None" conceptID="Con4" novelty="None" type="Con"/><text>The Schiff base ligands, HLa-Maf and H2Lb-Daf, were characterized by elemental analysis, 1H NMR spectroscopy and UV-Vis spectrophotometer in DMF and in the solid state by FT-IR.</text></s>
<s sid="81"><CoreSc1 advantage="None" conceptID="Res11" novelty="None" type="Res"/><text>The vibrational frequencies and tentative assignments for free HLa-Maf and H2Lb-Daf ligands and their transition metal complexes were recorded and are given in Table 2.</text></s>
<s sid="82"><CoreSc1 advantage="None" conceptID="Res12" novelty="None" type="Res"/><text>Three important findings in the infrared spectrum of ligands will be discussed.</text></s>
<s sid="83"><CoreSc1 advantage="None" conceptID="Res13" novelty="None" type="Res"/><text>The first one is the disappearance of the stretching frequencies of υ(NH2) bands which observes at 3285 and 3267cm-1 in 2-aminobenzenthiol as well as stretching frequencies of carbonyl groups, υ(CO) (ca.</text></s>
<s sid="84"><CoreSc1 advantage="None" conceptID="Res14" novelty="None" type="Res"/><text>1723cm-1) of mono or diacetyl ferocine as a result of the condensation reactions [28,29].</text></s>
<s sid="85"><CoreSc1 advantage="None" conceptID="Res15" novelty="None" type="Res"/><text>The second feature is the appearance of two intense band at 1655cm-1 and 1573cm-1 for HLa-Maf and at 1663 and 1567cm-1 for H2Lb-Daf, corresponding to the azomethine groups, υ(CN) and υ(CC), stretching frequencies respectively.</text></s>
<s sid="86"><CoreSc1 advantage="None" conceptID="Res16" novelty="None" type="Res"/><text>The medium broad band at the region 2586cm-1 can be assigned to SH group.</text></s>
<s sid="87"><CoreSc1 advantage="None" conceptID="Res17" novelty="None" type="Res"/><text>The broadening may be due to the intermolecular hydrogen bonded N⋯HS [30,31].</text></s>
<s sid="88"><CoreSc1 advantage="None" conceptID="Res18" novelty="None" type="Res"/><text>The characteristic frequencies of the ferrocenyl moiety in the spectra of the two Schiff base ligands were observed near 3068, 1410 and 1156cm-1 and are assigned to a CH stretching band, asymmetric CC vibration and asymmetric ring-breathing vibration, respectively.</text></s>
<s sid="89"><CoreSc1 advantage="None" conceptID="Res19" novelty="None" type="Res"/><text>The two bands located at 1014 and 823cm-1 are assigned to parallel and perpendicular CH bands, respectively.</text></s>
<s sid="90"><CoreSc1 advantage="None" conceptID="Res20" novelty="None" type="Res"/><text>The remaining characteristic band at 484cm-1 can be assigned to the Fe-Cp stretching frequency [32,33].</text></s>
<s sid="91"><CoreSc1 advantage="None" conceptID="Res21" novelty="None" type="Res"/><text>1H NMR spectra of HLa-Maf and H2Lb-Daf confirm the absence of NH2 group (ca.</text></s>
<s sid="92"><CoreSc1 advantage="None" conceptID="Res22" novelty="None" type="Res"/><text>4.92) as a result of the condensation of the amine with the carbonyl groups.</text></s>
<s sid="93"><CoreSc1 advantage="None" conceptID="Res23" novelty="None" type="Res"/><text>The signals due to methyl groups (CH3), thiol group (SH) and phenyl ring are observed at 2.23, 3.52 and (6.47-7.68) for HLa-Maf and at 2.18 and 4.48 and (6.48-7.77) for H2Lb-Daf, respectively [34].</text></s>
<s sid="94"><CoreSc1 advantage="None" conceptID="Res24" novelty="None" type="Res"/><text>The spectra of HLa-Maf, Schiff base ligand, display signals due to α and β the protons of the cyclopentadienyl rings at 4.47 and 4.41 assigned to [m, 4H, C5H4] and resonance at 4.06 for [s, 5H, C5H5-Cp].</text></s>
<s sid="95"><CoreSc1 advantage="None" conceptID="Res25" novelty="None" type="Res"/><text>On the other hand, cyclopentadienyl rings of H2Lb-Daf, displayed multiplets signals at 4.82, 4.78, 4.61 and 4.45 due to α, α′, β and β′-protons of the cyclopentadienyl rings. [35,36].</text></s>
<s sid="96"><CoreSc1 advantage="None" conceptID="Res26" novelty="None" type="Res"/><text>Characterization of the complexes of the Schiff base ligand</text></s>
Infrared spectra
<s sid="97"><CoreSc1 advantage="None" conceptID="Res27" novelty="None" type="Res"/><text>Infrared spectra of the complexes were recorded to confirm their structures.</text></s>
<s sid="98"><CoreSc1 advantage="None" conceptID="Res28" novelty="None" type="Res"/><text>The vibration frequencies and their tentative assignments for HLa-Maf and H2Lb-Daf ligands and their transition metal complexes are listed in Table 2.</text></s>
<s sid="99"><CoreSc1 advantage="None" conceptID="Res29" novelty="None" type="Res"/><text>The assignments were aided by comparison with the vibrational frequencies of the free ligand and their related compounds.</text></s>
<s sid="100"><CoreSc1 advantage="None" conceptID="Res30" novelty="None" type="Res"/><text>There are four main features in the infrared spectra of the complexes.</text></s>
<s sid="101"><CoreSc1 advantage="None" conceptID="Res31" novelty="None" type="Res"/><text>The first one is the shift of the stretching frequencies of the azomethine (CN) group of the transition metal complexes to lower frequencies in the range, 1640-1655cm-1, compared with free HLa-Maf and H2Lb-Daf, due to the coordination of the azomethine moiety, ν(CN) vibration [37].</text></s>
<s sid="102"><CoreSc1 advantage="None" conceptID="Res32" novelty="None" type="Res"/><text>Further evidence of the bonding is given by the observation of new bands in the spectra of the metal complexes of medium or weak intensity at the region 467-435cm-1 due to ν(MN) stretching vibrations supporting the involvement of the nitrogen atom of the azomethine group via coordination [38,39].</text></s>
<s sid="103"><CoreSc1 advantage="None" conceptID="Res33" novelty="None" type="Res"/><text>The second feature is the disappearance of the band assigned to the stretching vibration of SH group upon complexation.</text></s>
<s sid="104"><CoreSc1 advantage="None" conceptID="Res34" novelty="None" type="Res"/><text>This indicates the deprotonation of the thiol groups due to coordination with the metal ions [40].</text></s>
<s sid="105"><CoreSc1 advantage="None" conceptID="Res35" novelty="None" type="Res"/><text>This is further supported by the band around 752-746cm-1 in the metal complexes due to ν(CS) and is inconsistent with the appearance of new weakly to medium bands in the region 356-382cm-1, which could be assigned to the stretching frequencies of ν(MS) bands, respectively, confirmed that, the chelation to the metal ions is achieved thiol-sulphur atoms [41].</text></s>
<s sid="106"><CoreSc1 advantage="None" conceptID="Res36" novelty="None" type="Res"/><text>The third feature of the spectra of some complexes is the appearance of a broad band between the ranges 3300-3500cm-1, which could be assigned to the stretching frequencies of the hydroxyl group of either crystalline or coordinated water molecules associated with the complex [42].</text></s>
<s sid="107"><CoreSc1 advantage="None" conceptID="Res37" novelty="None" type="Res"/><text>This result is confirmed by the elemental analysis.</text></s>
<s sid="108"><CoreSc1 advantage="None" conceptID="Res38" novelty="None" type="Res"/><text>The later feature in the coordination behavior is associated with the anions, nitrate, chloride and acetate, respectively.</text></s>
<s sid="109"><CoreSc1 advantage="None" conceptID="Res39" novelty="None" type="Res"/><text>For acyclic and macrocyclic ruthenium complexes, 1, 4, 7 and 10.</text></s>
<s sid="110"><CoreSc1 advantage="None" conceptID="Res40" novelty="None" type="Res"/><text>The coordination behavior of chloride ions were investigated by the addition of AgNO3 solution for Ru(III) complexes, the chloride ions are detected only in complex 4, [Ru(La-Maf)2(H2O)2]·H2O·Cl, where its ions were precipitated.</text></s>
<s sid="111"><CoreSc1 advantage="None" conceptID="Res41" novelty="None" type="Res"/><text>It is worth mentioning that, the absorptions at 326, 346 and 335cm-1 in the spectra of Ru(III) complexes 1, 7 and 10 were attributed to ν(RuCl) vibrations [43].</text></s>
<s sid="112"><CoreSc1 advantage="None" conceptID="Res42" novelty="None" type="Res"/><text>The oxovanadium complexes, 2, 5 and 8 exhibit a strong band around 978-985cm-1 .This reflects the high π-band order of vanadium to oxygen link of VO+2 and indicate the presence of monomeric oxovanadium species [44,45].</text></s>
<s sid="113"><CoreSc1 advantage="None" conceptID="Obs9" novelty="None" type="Obs"/><text>On the other hand, for complex 11, a high intensity band at 990cm-1 is observed.</text></s>
<s sid="114"><CoreSc1 advantage="None" conceptID="Res43" novelty="None" type="Res"/><text>This could be attributed to dimerisation via V=0 which would be reflected by shifting the respective vibration [46,47].</text></s>
<s sid="115"><CoreSc1 advantage="None" conceptID="Res44" novelty="None" type="Res"/><text>Bands in the region of 1575cm-1 and 1335cm-1 region for [VO(La-Maf)(OAc)(H2O)]·H2O, 2, are assigned to vas(COO) and vsym(COO)] respectively.</text></s>
<s sid="116"><CoreSc1 advantage="None" conceptID="Res45" novelty="None" type="Res"/><text>The difference between the frequencies of the two bands is suggestive of mono-dentate behavior of acetate moiety [48].</text></s>
<s sid="117"><CoreSc1 advantage="None" conceptID="Res46" novelty="None" type="Res"/><text>Also, the IR spectra of all the UO2(VI) complexes display a strong band around the ranges, 950-910 and 890-897cm-1 which are assigned to the νas(UO2) and νs(UO2) modes, respectively.</text></s>
<s sid="118"><CoreSc1 advantage="None" conceptID="Con5" novelty="None" type="Con"/><text>This observation suggests that the OUO moiety is virtually linear in these complexes [49,50].</text></s>
<s sid="119"><CoreSc1 advantage="None" conceptID="Res47" novelty="None" type="Res"/><text>Additionally it has been observed that, dioxouranium(VI) complexes 3 and 12, exhibited two bands at 1384 and 852cm-1, respectively, due to the free nitrate [51,52].</text></s>
<s sid="120"><CoreSc1 advantage="None" conceptID="Con6" novelty="None" type="Con"/><text>Concluding from the infrared data, HLa-Maf acts as monobasic bidentate ligand and coordinates to metal ions via the azomethine and thiol atoms.</text></s>
<s sid="121"><CoreSc1 advantage="None" conceptID="Res48" novelty="None" type="Res"/><text>H2Lb-Daf, act as tetradentate binegative ligand through similar coordination centers.</text></s>
<s sid="122"><CoreSc1 advantage="None" conceptID="Res49" novelty="None" type="Res"/><text>The corresponding frequencies of the ferrocenyl moiety of the complexes appeared at nearly the same position, which indicates that the cyclopentadienyl ring of the ferrocene is not directly coordinated to the metal ion.</text></s>
<s sid="123"><CoreSc1 advantage="None" conceptID="Res50" novelty="None" type="Res"/><text>Electronic spectra, magnetic moments and molar conductivity measurement</text></s>
<s sid="124"><CoreSc1 advantage="None" conceptID="Res51" novelty="None" type="Res"/><text>The electronic spectra of the ligands and their transition metal complexes in the solid state with their assignments, magnetic moment and molar conductivity measurement are given in Table 3.</text></s>
<s sid="125"><CoreSc1 advantage="None" conceptID="Res52" novelty="None" type="Res"/><text>The electronic spectral data for HLa-Maf and H2Lb-Daf ligands, show mainly three absorption bands at (267, 324 and 462nm) for the former and (260, 315 and 453nm) for the later.</text></s>
<s sid="126"><CoreSc1 advantage="None" conceptID="Res53" novelty="None" type="Res"/><text>The first one is assigned to the transition of cyclopentadienyl rings in the two ligands [53,54].</text></s>
<s sid="127"><CoreSc1 advantage="None" conceptID="Con7" novelty="None" type="Con"/><text>The second one, is due to π-π*, transition within the azomethin (CN) group which is shifted to lower absorption on coordination, as a result of the coordination of the nitrogen atom of the azomethin, This shift can be attributed to overlap of the central-metal-d-orbital with the p-orbital of the donor atom.</text></s>
<s sid="128"><CoreSc1 advantage="None" conceptID="Res54" novelty="None" type="Res"/><text>The later broad absorption band is assigned to charge transfer from iron to either the non-bonding or the antibonding orbitals of cyclopentadienyl rings.</text></s>
<s sid="129"><CoreSc1 advantage="None" conceptID="Res55" novelty="None" type="Res"/><text>These absorption bands become weaker without remarkable shift on complex formation [33].</text></s>
<s sid="130"><CoreSc1 advantage="None" conceptID="Res56" novelty="None" type="Res"/><text>The electronic transition spectra of the ground state of Ru(III) is 2T2g, and the first excited doublet levels in the order of increasing energy are, 2A2g and 2A1g which arise from the t2g4eg1 configuration.</text></s>
<s sid="131"><CoreSc1 advantage="None" conceptID="Res57" novelty="None" type="Res"/><text>In a d5 system, and especially in Ru(III) which is a relatively strong oxidizing agent, charge transfer bands are prominent in the low-energy region and obscure the weaker bands due to the d-d transition.</text></s>
<s sid="132"><CoreSc1 advantage="None" conceptID="Res58" novelty="None" type="Res"/><text>The electronic spectra of Ru(III) complexes 1, 4, 7 and 10 exhibit mainly three bands at the ranges, (352-432nm), (571-563nm) and (643-663nm), respectively.</text></s>
<s sid="133"><CoreSc1 advantage="None" conceptID="Res59" novelty="None" type="Res"/><text>The first band is assigned to the d-d transition (2T2g→2A2g), while the second intense band is due to M-Lπ* transition (2T2g→2Eg).</text></s>
<s sid="134"><CoreSc1 advantage="None" conceptID="Res60" novelty="None" type="Res"/><text>The last one is attributed to the inter-ligand transition or to MLCT bands (2T2g→2A1g).</text></s>
<s sid="135"><CoreSc1 advantage="None" conceptID="Res61" novelty="None" type="Res"/><text>For the macrocyclic complex, [Ru2(Lb-Daf)(Cl)4(H2O)2]·H2O, 10, the magnetic moment is lower than expected (1.53B.M).</text></s>
<s sid="136"><CoreSc1 advantage="None" conceptID="Res62" novelty="None" type="Res"/><text>This behavior can be explained by the presence of partial coupling interaction between the two electrons of the ruthenium ions in the complex [55].</text></s>
<s sid="137"><CoreSc1 advantage="None" conceptID="Res63" novelty="None" type="Res"/><text>The positions of the absorption bands as well as the magnetic susceptibility measurements indicate the presence of one unpaired electron and confirming a low-spin octahedral configuration Molar conductance indicate the neutral nature of complexes 1, 7 and 10 value at 36, 19 and 35Ω-1cm2mole-1 respectively, while complex 4, [Ru(La-Maf)2(H2O)2]·H2O·Cl, in agreement with the found electrolytic behavior (103Ω-1cm2mole-1) [56].</text></s>
<s sid="138"><CoreSc1 advantage="None" conceptID="Res64" novelty="None" type="Res"/><text>The reflectance spectrum of each of the oxovanadium complexes, 2, 8 and 11 shows well-defined two bands at 518 and 724 for the former, 512 and 736nm for the second, 523 and 743nm for latter assigned to 1B2→2E and 1B2→2A1 in a square-pyramid structure configuration with effective magnetic moments 1.71, 1.74 and 1.56B.M.</text></s>
<s sid="139"><CoreSc1 advantage="None" conceptID="Res65" novelty="None" type="Res"/><text>for complex, 2, 8 and 11 respectively [57], while for complex 5, absorption at 733 and 547nm can be assigned to 2B2→2E(ν1) and 2B2→2B1(ν2) corresponding to distorted octahedral geometry [58].</text></s>
<s sid="140"><CoreSc1 advantage="None" conceptID="Res66" novelty="None" type="Res"/><text>For the cyclic complex, [(VO)2(Lb-Daf)(H2O)2].</text></s>
<s sid="141"><CoreSc1 advantage="None" conceptID="Res67" novelty="None" type="Res"/><text>2H2O 11, its diamagnetic character offers a strong evidence for the presence of a V-V bond.</text></s>
<s sid="142"><CoreSc1 advantage="None" conceptID="Res68" novelty="None" type="Res"/><text>This behavior can be explained by the presence of a strong metal-metal coupling interaction between the two parallel oxovandium ions in the complex.</text></s>
<s sid="143"><CoreSc1 advantage="None" conceptID="Res69" novelty="None" type="Res"/><text>The unpaired electron in the 3dxy of vanadium ion is overlapped with the dxy orbital of the adjacent vanadium atom, which lead to direct spin-spin coupling [59].</text></s>
<s sid="144"><CoreSc1 advantage="None" conceptID="Res70" novelty="None" type="Res"/><text>The conductivity measurements indicate the non-electrolytic nature of complexes 2, 5, 8 and 11.</text></s>
<s sid="145"><CoreSc1 advantage="None" conceptID="Res71" novelty="None" type="Res"/><text>Complexes of (UO2)(VI) 3, 6, 9 and 11 are of diamagnetic nature, so there is no significant magnetic moment.</text></s>
<s sid="146"><CoreSc1 advantage="None" conceptID="Res72" novelty="None" type="Res"/><text>The electronic spectra of the diamagnetic dioxouranium(VI) complex, show mainly two bands where, the absorption is tailing into the visible region, which produces the intense orange color.</text></s>
<s sid="147"><CoreSc1 advantage="None" conceptID="Res73" novelty="None" type="Res"/><text>The first band is observed at the range 453-423nm corresponding to charge transfer from equatorial donor atoms of the ligand to the uranyl ion.</text></s>
<s sid="148"><CoreSc1 advantage="None" conceptID="Res74" novelty="None" type="Res"/><text>The second band is observed at the range 532-545nm due to electronic transitions from apical oxygen atom to the f-orbitals of the uranyl atom characteristic of the uranyl moiety [58].</text></s>
<s sid="149"><CoreSc1 advantage="None" conceptID="Res75" novelty="None" type="Res"/><text>Molar conductance values in DMF were 112 and 136Ω-1cm2mol-1, for 3, [UO2(La-Maf)(H2O)2]·NO3 and 12, [(UO2)2(Lb-Daf)(H2O)4]·2NO3 complexes, respectively, indicating the electrolytic nature for these compounds, on the other hand, for complex 6, [UO2(La-Maf)2]·3H2O and 9, [UO2(Lb-Daf)]·2H2O, the molar conductance value was 37Ω-1cm2mol-1 for the former and 42Ω-1cm2mol-1 for the later, indicating the non-electrolytic nature of theses complexes.</text></s>
<s sid="150"><CoreSc1 advantage="None" conceptID="Res76" novelty="None" type="Res"/><text>With the aid of the elemental analysis and Infrared-spectra, the proposed configuration is expected to be a distorted octahedral for (UO2)(VI) complexes [59].</text></s>
1H NMR spectra
<s sid="151"><CoreSc1 advantage="None" conceptID="Con8" novelty="None" type="Con"/><text>1H NMR spectra of the free ligands HLa-Maf and H2Lb-Daf and their UO2(VI) complexes have been studied in DMSO-d6 without and with D2O and are characterized and summarized with their assignments in Table 4.</text></s>
<s sid="152"><CoreSc1 advantage="None" conceptID="Con9" novelty="None" type="Con"/><text>The proton resonance of the thiol groups (3.51ppm) for HLa-Maf ligands and the signals of the thiol groups for H2Lb-Daf (3.48ppm) disappeared on adding D2O, which indicate that these protons are acidic.</text></s>
<s sid="153"><CoreSc1 advantage="None" conceptID="Res77" novelty="None" type="Res"/><text>This observation has been further supported by the absence of resonances for SH protons in the spectra of [UO2(La-Maf)(H2O)2]·NO3, 3 and [UO2(Lb-Daf)]·2H2O, 9 complexes, indicates deprotonation of the SH group of the Schiff bases and coordination of the sulfur atoms through the coordination to the metal atom [62].</text></s>
<s sid="154"><CoreSc1 advantage="None" conceptID="Res78" novelty="None" type="Res"/><text>Moreover, in the spectra of diamagnetic UO2(IV) complexes 4 and 10 the protons of methyl group bonded to the azomethine groups are shifted downfield compared to that of the free ligand as a result of chelation of azomethine group to metal ion, indicate that, the chelation of the ligand with the metal ions involves the nitrogen atom of the ligands.</text></s>
<s sid="155"><CoreSc1 advantage="None" conceptID="Res79" novelty="None" type="Res"/><text>No appreciable change was observed in the chemical shift of the ferrocenyl or of the aromatic protons of the Schiff bases moieties on complexation. [63,64].</text></s>
<s sid="156"><CoreSc1 advantage="None" conceptID="Res80" novelty="None" type="Res"/><text>Finally, from the interpretation of elemental analysis, spectral data and magnetic studies as well as the thermal analysis and molar conductivities measurements.</text></s>
<s sid="157"><CoreSc1 advantage="None" conceptID="Res81" novelty="None" type="Res"/><text>It is possible to draw up the tentative structures of the transition metal complexes.</text></s>
Figs.
<s sid="158"><CoreSc1 advantage="None" conceptID="Res82" novelty="None" type="Res"/><text>1 and 2, depicts the proposed structures of the metal complexes.</text></s>
Biological studies
<s sid="159"><CoreSc1 advantage="None" conceptID="Res83" novelty="None" type="Res"/><text>The Schiff base, HLa-Maf and H2Lb-Daf and their metal complexes were evaluated for antimicrobial activity against one strain Gram-positive bacteria S. aureus and P. fluorescens as Gram-negative bacteria as well as one pathogenic fungus, as F. oxysporum The results of the biological studies of the ligand and the complexes are shown Table 5.</text></s>
<s sid="160"><CoreSc1 advantage="None" conceptID="Met13" novelty="None" type="Met"/><text>The data are compared with standard antibiotics, chloramphencol as Gram-negative and cephalothin as standard reference for Gram-positive bacteria.</text></s>
<s sid="161"><CoreSc1 advantage="None" conceptID="Met14" novelty="None" type="Met"/><text>Cycloheximide was used as antifungal standard reference.</text></s>
<s sid="162"><CoreSc1 advantage="None" conceptID="Con10" novelty="None" type="Con"/><text>The in vitro antibacterial and antifungal activities demonstrated that complexes have higher antimicrobial activity in comparison with that of the ligand.</text></s>
<s sid="163"><CoreSc1 advantage="None" conceptID="Con11" novelty="None" type="Con"/><text>According to Tweedy's theory [65], chelation reduces the polarity of the metal atom because of partial sharing of its positive charge with a donor group and the possible π-electron delocalization over the whole chelate ring [66].</text></s>
<s sid="164"><CoreSc1 advantage="None" conceptID="Con12" novelty="None" type="Con"/><text>Such a chelation could enhance the lipophilic character of the central metal atom, which subsequently favors its permeation through the lipid layers of the cell membrane and blocking the metal binding sites on enzymes of microorganism [67,68].</text></s>
<s sid="165"><CoreSc1 advantage="None" conceptID="Con13" novelty="None" type="Con"/><text>There are other factors which also increase the activity, such as solubility, conductivity and bond length between the metal and the ligand.</text></s>
<s sid="166"><CoreSc1 advantage="None" conceptID="Con14" novelty="None" type="Con"/><text>It is worth to mention that, ligands showed highly biological activity against the tested strains compared to the complexes.</text></s>
<s sid="167"><CoreSc1 advantage="None" conceptID="Res84" novelty="None" type="Res"/><text>Structure activity relationships showed that complexes 4,[Ru(La-Maf)2(H2O)2]·H2O·Cl, 5[VO(La-Maf)2H2O]·H2O and 6 [UO2(La-Maf)2]·3H2O, of higher microbial activities.</text></s>
<s sid="168"><CoreSc1 advantage="None" conceptID="Res85" novelty="None" type="Res"/><text>It may be due to the presence of two ferrocene ring, which might increase the lipophilic character of the molecules, which facilitate the crossing through the biological membrane of the microorganisms and thereby inhibit their growth.</text></s>
<s sid="169"><CoreSc1 advantage="None" conceptID="Res86" novelty="None" type="Res"/><text>The result revealed also that the binuclear complexes enhances the antimicrobial activity rather than the mononuclear complexes [69,70].</text></s>
Conclusion
<s sid="170"><CoreSc1 advantage="None" conceptID="Res87" novelty="None" type="Res"/><text>The Schiff bases derived from the condensation between mono and diacetyl ferrocine and 2-aminobenzenthiol in different molar ratio, lead to series of mono and binuclear complexes of varying geometries.</text></s>
<s sid="171"><CoreSc1 advantage="None" conceptID="Res88" novelty="None" type="Res"/><text>HLa-Maf acts as monobasic bidentate ligand while H2Lb-Daf acts as dibasic tetradentate chelate.</text></s>
<s sid="172"><CoreSc1 advantage="None" conceptID="Res89" novelty="None" type="Res"/><text>From the infrared spectra, the chelation of the metal ions to the ligands occurs through the sulfur of the thiol and the nitrogen atoms of the azomethine groups of the ligands.</text></s>
<s sid="173"><CoreSc1 advantage="None" conceptID="Res90" novelty="None" type="Res"/><text>The nitrate ions, acetate, chloride, crystalline or coordinated water molecules satisfy the other coordination sites to complete the geometry around the central metal ion.</text></s>
<s sid="174"><CoreSc1 advantage="None" conceptID="Con15" novelty="None" type="Con"/><text>The spectral, magnetic studies and molar conductivity measurements of the metal complexes were used to determine the type of coordination and the geometry around the central metal ion.</text></s>
<s sid="175"><CoreSc1 advantage="None" conceptID="Con16" novelty="None" type="Con"/><text>Acyclic and cyclic complexes exhibit either square pyramidal or octahedral.</text></s>
<s sid="176"><CoreSc1 advantage="None" conceptID="Con17" novelty="None" type="Con"/><text>Synthesized Schiff base and their corresponding metal complexes were tested for the growth inhibitory activity against phytopathogenic bacteria and fungi, including some which are antibiotic resistant, makes it interesting for a practical use as antimicrobial agent.</text></s>
<s sid="177"><CoreSc1 advantage="None" conceptID="Con18" novelty="None" type="Con"/><text>It is obvious that the activity become more pronounced when two feroccine rings are coupled and metal complexes are more toxic against bacteria and fungi in comparison to their parent compounds.</text></s>
</BODY>
<OTHER>
Acknowledgement
Thanks for financial support are due to the Austrian Science foundation (Project 19335-N17).
Supplementary material
Supplementary data associated with this article can be found, in the online version, at http://dx.doi.org/10.1016/j.saa.2013.06.078.
Supplementary material
Supplementary data 1

</OTHER>
</PAPER>